{
    "rmse": 12210.4287109375,
    "mae": 4538.3095703125,
    "r2": -0.4148402134435416
}